Date,Open,High,Low,Close,Adj Close,Volume
2015/12/31,5047.040039,5058.060059,5007.009766,5007.410156,5007.410156,1437480000
2016/1/4,4897.649902,4903.089844,4846.97998,4903.089844,4903.089844,2218420000
2016/1/5,4917.839844,4926.72998,4872.740234,4891.430176,4891.430176,1927380000
2016/1/6,4813.759766,4866.040039,4804.689941,4835.759766,4835.759766,2168620000
2016/1/7,4736.399902,4788.02002,4688.169922,4689.430176,4689.430176,2552590000
2016/1/8,4722.02002,4742.569824,4637.850098,4643.629883,4643.629883,2288750000
2016/1/11,4673.439941,4683.02002,4573.779785,4637.990234,4637.990234,2391110000
2016/1/12,4681.540039,4714.799805,4618.029785,4685.919922,4685.919922,2147470000
2016/1/13,4706.02002,4713.97998,4517.560059,4526.060059,4526.060059,2533200000
2016/1/14,4545.370117,4650.549805,4470.589844,4615,4615,2565560000
2016/1/15,4464.370117,4520.450195,4419.410156,4488.419922,4488.419922,2818630000
2016/1/19,4548.049805,4550.569824,4430.77002,4476.950195,4476.950195,2394550000
2016/1/20,4405.220215,4514.919922,4313.390137,4471.689941,4471.689941,3204130000
2016/1/21,4480.700195,4537.149902,4432.02002,4472.060059,4472.060059,2447750000
2016/1/22,4557.390137,4591.180176,4540.27002,4591.180176,4591.180176,2153340000
2016/1/25,4574.589844,4590.439941,4514.779785,4518.490234,4518.490234,2028880000
2016/1/26,4537.040039,4583.209961,4503.529785,4567.669922,4567.669922,1981180000
2016/1/27,4548.870117,4568.850098,4450.830078,4468.169922,4468.169922,2115710000
2016/1/28,4533.810059,4533.810059,4447.5,4506.680176,4506.680176,2322310000
2016/1/29,4512.089844,4613.950195,4511.299805,4613.950195,4613.950195,2617550000
2016/2/1,4587.589844,4636.930176,4565.370117,4620.370117,4620.370117,1983340000
2016/2/2,4588.689941,4589.899902,4503.120117,4516.950195,4516.950195,2185180000
2016/2/3,4543.819824,4547.319824,4424.470215,4504.240234,4504.240234,2466190000
2016/2/4,4492.47998,4545.52002,4463.990234,4509.560059,4509.560059,2200930000
2016/2/5,4491.47998,4493.189941,4350.370117,4363.140137,4363.140137,2489280000
2016/2/8,4288.02002,4301.529785,4212.810059,4283.75,4283.75,2702070000
2016/2/9,4224.870117,4329.609863,4222.47998,4268.759766,4268.759766,2465790000
2016/2/10,4318.279785,4369.620117,4280.72998,4283.589844,4283.589844,2448380000
2016/2/11,4218.810059,4293.220215,4209.759766,4266.839844,4266.839844,2812330000
2016/2/12,4307.290039,4340.129883,4274.149902,4337.509766,4337.509766,1983190000
2016/2/16,4397.950195,4435.959961,4376.52002,4435.959961,4435.959961,2117920000
2016/2/17,4471.660156,4540.779785,4463.509766,4534.060059,4534.060059,2296440000
2016/2/18,4548.100098,4548.470215,4482.77002,4487.540039,4487.540039,1955870000
2016/2/19,4464.669922,4513.149902,4455.100098,4504.430176,4504.430176,1903770000
2016/2/22,4548.310059,4576.470215,4546.549805,4570.609863,4570.609863,1794020000
2016/2/23,4550.049805,4558.060059,4500.939941,4503.580078,4503.580078,1777750000
2016/2/24,4453.930176,4547.640137,4425.720215,4542.609863,4542.609863,1978180000
2016/2/25,4554.72998,4582.200195,4516.890137,4582.200195,4582.200195,1667840000
2016/2/26,4615.140137,4618.850098,4580.779785,4590.470215,4590.470215,1814920000
2016/2/29,4585.299805,4619.899902,4557.459961,4557.950195,4557.950195,2065260000
2016/3/1,4596.009766,4689.600098,4581.75,4689.600098,4689.600098,2080150000
2016/3/2,4683.799805,4703.580078,4665.930176,4703.419922,4703.419922,1912510000
2016/3/3,4698.379883,4707.720215,4674.459961,4707.419922,4707.419922,1936290000
2016/3/4,4715.759766,4746.649902,4687.939941,4717.02002,4717.02002,2171230000
2016/3/7,4690.879883,4731.189941,4674.819824,4708.25,4708.25,2084390000
2016/3/8,4676.220215,4695.040039,4642.859863,4648.819824,4648.819824,1993060000
2016/3/9,4666.419922,4676.470215,4642.419922,4674.379883,4674.379883,1789550000
2016/3/10,4691.200195,4716.140137,4607.990234,4662.160156,4662.160156,1936470000
2016/3/11,4712.379883,4748.790039,4700.910156,4748.470215,4748.470215,1801790000
2016/3/14,4733.390137,4762.27002,4731.509766,4750.279785,4750.279785,1615100000
2016/3/15,4731.140137,4735.27002,4712.069824,4728.669922,4728.669922,1692420000
2016/3/16,4717.879883,4774.779785,4716.450195,4763.970215,4763.970215,1781060000
2016/3/17,4752.620117,4788.089844,4737.970215,4774.990234,4774.990234,1907190000
2016/3/18,4784.629883,4804.580078,4772.410156,4795.649902,4795.649902,2829040000
2016/3/21,4787.310059,4814.850098,4785.379883,4808.870117,4808.870117,1609230000
2016/3/22,4783.600098,4835.600098,4781.709961,4821.660156,4821.660156,1596200000
2016/3/23,4813.870117,4816.669922,4765.370117,4768.859863,4768.859863,1732630000
2016/3/24,4743.359863,4773.5,4734.77002,4773.5,4773.5,1590990000
2016/3/28,4785.25,4787.390137,4760.009766,4766.790039,4766.790039,1381000000
2016/3/29,4756.549805,4849.310059,4749.779785,4846.620117,4846.620117,1806490000
2016/3/30,4875.459961,4899.140137,4859.350098,4869.290039,4869.290039,1717820000
2016/3/31,4869.569824,4891.299805,4864.410156,4869.850098,4869.850098,1774270000
2016/4/1,4842.549805,4917.089844,4832.060059,4914.540039,4914.540039,1812250000
2016/4/4,4911.209961,4917.75,4885.169922,4891.799805,4891.799805,1705730000
2016/4/5,4855.899902,4872.700195,4838.620117,4843.930176,4843.930176,1726010000
2016/4/6,4849.580078,4921.509766,4849.279785,4920.720215,4920.720215,1761770000
2016/4/7,4893.569824,4901.490234,4831.490234,4848.370117,4848.370117,1908940000
2016/4/8,4883.990234,4892.600098,4835.359863,4850.689941,4850.689941,1588830000
2016/4/11,4873.390137,4897.549805,4833.399902,4833.399902,4833.399902,1545540000
2016/4/12,4838.819824,4879.600098,4808.910156,4872.089844,4872.089844,1759280000
2016/4/13,4904.790039,4951.910156,4903.600098,4947.419922,4947.419922,1936450000
2016/4/14,4947.620117,4961.299805,4931.810059,4945.890137,4945.890137,1645810000
2016/4/15,4938.830078,4950.430176,4925.459961,4938.220215,4938.220215,1684790000
2016/4/18,4919.359863,4960.790039,4915.629883,4960.02002,4960.02002,1672260000
2016/4/19,4968.299805,4968.669922,4915.52002,4940.330078,4940.330078,1824250000
2016/4/20,4941.990234,4969.319824,4928.290039,4948.129883,4948.129883,1781340000
2016/4/21,4949.120117,4966.609863,4932.640137,4945.890137,4945.890137,1758190000
2016/4/22,4898.240234,4921.660156,4872.02002,4906.22998,4906.22998,2018930000
2016/4/25,4891.47998,4904.870117,4878.370117,4895.790039,4895.790039,1582270000
2016/4/26,4903.810059,4915,4875.419922,4888.279785,4888.279785,1825020000
2016/4/27,4855.379883,4872.910156,4826.379883,4863.140137,4863.140137,1938780000
2016/4/28,4857.600098,4889.160156,4796.319824,4805.290039,4805.290039,2161400000
2016/4/29,4805.790039,4807.890137,4740.839844,4775.359863,4775.359863,2376460000
2016/5/2,4786.549805,4821.569824,4768.279785,4817.589844,4817.589844,1880460000
2016/5/3,4780.879883,4791.430176,4749.709961,4763.220215,4763.220215,1984340000
2016/5/4,4735.279785,4751.640137,4713.910156,4725.640137,4725.640137,1950800000
2016/5/5,4742.419922,4744.549805,4709.75,4717.089844,4717.089844,1888350000
2016/5/6,4695.899902,4736.160156,4684.279785,4736.160156,4736.160156,1860800000
2016/5/9,4736.350098,4771.939941,4735.060059,4750.209961,4750.209961,1625100000
2016/5/10,4768.910156,4811.299805,4758.200195,4809.879883,4809.879883,1760120000
2016/5/11,4799.299805,4812.189941,4760.359863,4760.689941,4760.689941,1859110000
2016/5/12,4778.189941,4779.459961,4710.169922,4737.330078,4737.330078,1930450000
2016/5/13,4731.069824,4759.290039,4708.259766,4717.680176,4717.680176,1698030000
2016/5/16,4728.859863,4791.25,4724.72998,4775.459961,4775.459961,1741510000
2016/5/17,4768.850098,4776.149902,4703.390137,4715.72998,4715.72998,1925230000
2016/5/18,4705.779785,4762.279785,4704.490234,4739.120117,4739.120117,1934100000
2016/5/19,4717.359863,4735.27002,4678.379883,4712.529785,4712.529785,1805890000
2016/5/20,4729.439941,4781.700195,4729,4769.560059,4769.560059,1970520000
2016/5/23,4771.569824,4792.640137,4763.910156,4765.779785,4765.779785,1865110000
2016/5/24,4792.850098,4865.990234,4792.629883,4861.060059,4861.060059,1942280000
2016/5/25,4877.180176,4905.450195,4872.419922,4894.890137,4894.890137,1784420000
2016/5/26,4897.779785,4909.379883,4887.27002,4901.77002,4901.77002,1606250000
2016/5/27,4904.049805,4933.5,4902.5,4933.5,4933.5,1505020000
2016/5/31,4938.47998,4951.450195,4923.029785,4948.049805,4948.049805,2285350000
2016/6/1,4928.970215,4958.97998,4923.200195,4952.25,4952.25,1797090000
2016/6/2,4941.25,4971.359863,4924.22998,4971.359863,4971.359863,1729050000
2016/6/3,4958.100098,4958.649902,4909.209961,4942.52002,4942.52002,1697840000
2016/6/6,4950.459961,4980.140137,4944.870117,4968.709961,4968.709961,1663840000
2016/6/7,4972.129883,4979.379883,4960.279785,4961.75,4961.75,1747760000
2016/6/8,4970.009766,4979.660156,4956.790039,4974.640137,4974.640137,1692640000
2016/6/9,4954.149902,4965.490234,4940.549805,4958.620117,4958.620117,1632340000
2016/6/10,4915.149902,4917.919922,4880.609863,4894.549805,4894.549805,1822200000
2016/6/13,4868.509766,4894.850098,4844.939941,4848.439941,4848.439941,1888300000
2016/6/14,4836.669922,4863.009766,4811.930176,4843.549805,4843.549805,1919710000
2016/6/15,4855.080078,4868.160156,4830.330078,4834.930176,4834.930176,1802200000
2016/6/16,4809.689941,4847.859863,4778.779785,4844.919922,4844.919922,1851770000
2016/6/17,4835.02002,4835.02002,4792.339844,4800.339844,4800.339844,2638220000
2016/6/20,4856.689941,4882.149902,4834.509766,4837.209961,4837.209961,1779560000
2016/6/21,4845.080078,4852.189941,4826.589844,4843.759766,4843.759766,1698080000
2016/6/22,4846.680176,4875.930176,4830,4833.319824,4833.319824,1682220000
2016/6/23,4872.189941,4910.040039,4859.399902,4910.040039,4910.040039,1738570000
2016/6/24,4715.790039,4798.220215,4698.419922,4707.97998,4707.97998,4411040000
2016/6/27,4664.430176,4665.040039,4574.25,4594.439941,4594.439941,2659650000
2016/6/28,4643.930176,4692.97998,4643.930176,4691.870117,4691.870117,2074090000
2016/6/29,4732.930176,4787.589844,4732.339844,4779.25,4779.25,2116550000
2016/6/30,4793.75,4843.109863,4774.52002,4842.669922,4842.669922,2171180000
2016/7/1,4837.180176,4880.169922,4837.169922,4862.569824,4862.569824,1745130000
2016/7/5,4837.060059,4839.129883,4797.290039,4822.899902,4822.899902,1690340000
2016/7/6,4799.319824,4861.049805,4786.009766,4859.160156,4859.160156,1876090000
2016/7/7,4867.470215,4889.009766,4853.680176,4876.810059,4876.810059,1672770000
2016/7/8,4906.660156,4959,4901.27002,4956.759766,4956.759766,1947260000
2016/7/11,4976.540039,5002.5,4976.540039,4988.640137,4988.640137,1718450000
2016/7/12,5017.990234,5032.100098,5009.680176,5022.819824,5022.819824,1866280000
2016/7/13,5036.319824,5036.379883,5002.819824,5005.72998,5005.72998,1650820000
2016/7/14,5041.950195,5045.180176,5025.149902,5034.060059,5034.060059,1641170000
2016/7/15,5041.189941,5044.810059,5018.52002,5029.589844,5029.589844,1610300000
2016/7/18,5034.990234,5063.529785,5030.129883,5055.779785,5055.779785,1585570000
2016/7/19,5038.220215,5052.240234,5028.240234,5036.370117,5036.370117,1694740000
2016/7/20,5061.600098,5098.25,5053.919922,5089.930176,5089.930176,1877330000
2016/7/21,5093.970215,5102.779785,5061.109863,5073.899902,5073.899902,1880310000
2016/7/22,5078.120117,5103.52002,5064.109863,5100.160156,5100.160156,1639000000
2016/7/25,5096.990234,5100.720215,5082.660156,5097.629883,5097.629883,1770620000
2016/7/26,5095.609863,5122.299805,5084.180176,5110.049805,5110.049805,2038060000
2016/7/27,5143.839844,5151.060059,5120.660156,5139.810059,5139.810059,2122250000
2016/7/28,5144.819824,5160.160156,5130.75,5154.97998,5154.97998,1950910000
2016/7/29,5162.149902,5175.810059,5140.049805,5162.129883,5162.129883,2072640000
2016/8/1,5167.419922,5199.129883,5158.930176,5184.200195,5184.200195,1866590000
2016/8/2,5177.529785,5181.02002,5109.799805,5137.72998,5137.72998,2142010000
2016/8/3,5133.240234,5159.740234,5128.439941,5159.740234,5159.740234,1909470000
2016/8/4,5158.02002,5174,5145.390137,5166.25,5166.25,1930000000
2016/8/5,5190.709961,5227.22998,5186.25,5221.120117,5221.120117,2017720000
2016/8/8,5223.540039,5228.399902,5202.180176,5213.140137,5213.140137,1624450000
2016/8/9,5216.209961,5238.540039,5214.950195,5225.47998,5225.47998,1664320000
2016/8/10,5227.950195,5227.959961,5193.799805,5204.580078,5204.580078,1651240000
2016/8/11,5222.149902,5235.290039,5211.25,5228.399902,5228.399902,1511670000
2016/8/12,5219.660156,5233.339844,5215.549805,5232.890137,5232.890137,1501620000
2016/8/15,5242.180176,5271.359863,5241.140137,5262.02002,5262.02002,1533170000
2016/8/16,5247.959961,5248.259766,5226.779785,5227.109863,5227.109863,1698390000
2016/8/17,5228.439941,5230.089844,5197.22998,5228.660156,5228.660156,1747890000
2016/8/18,5226.450195,5243.169922,5221.839844,5240.149902,5240.149902,1659080000
2016/8/19,5229.870117,5245.810059,5217.649902,5238.379883,5238.379883,1632740000
2016/8/22,5231.459961,5252.129883,5224.629883,5244.600098,5244.600098,1560210000
2016/8/23,5265.779785,5275.740234,5257.899902,5260.080078,5260.080078,1547050000
2016/8/24,5254.419922,5262.990234,5205.640137,5217.689941,5217.689941,1714780000
2016/8/25,5207.609863,5230.589844,5201.640137,5212.200195,5212.200195,1511890000
2016/8/26,5219.049805,5253.390137,5191.859863,5218.919922,5218.919922,1591060000
2016/8/29,5223.799805,5245.120117,5222.339844,5232.330078,5232.330078,1416640000
2016/8/30,5229.879883,5241.620117,5205.609863,5222.990234,5222.990234,1561020000
2016/8/31,5216.419922,5219.890137,5191.180176,5213.220215,5213.220215,1761770000
2016/9/1,5218.279785,5229.939941,5189.359863,5227.209961,5227.209961,1592520000
2016/9/2,5249.660156,5263.390137,5231.02002,5249.899902,5249.899902,1474200000
2016/9/6,5260,5275.910156,5244,5275.910156,5275.910156,1777940000
2016/9/7,5274.22998,5287.609863,5261.919922,5283.930176,5283.930176,1878460000
2016/9/8,5269.959961,5271.009766,5248.410156,5259.47998,5259.47998,1839790000
2016/9/9,5217.950195,5225.930176,5125.910156,5125.910156,5125.910156,2208690000
2016/9/12,5098.029785,5217.879883,5097.799805,5211.890137,5211.890137,2007610000
2016/9/13,5181.140137,5195.029785,5131.27002,5155.25,5155.25,2071460000
2016/9/14,5160.209961,5201.339844,5159.549805,5173.77002,5173.77002,1902680000
2016/9/15,5178.100098,5254.779785,5176.25,5249.689941,5249.689941,1950940000
2016/9/16,5238.709961,5248.600098,5218.970215,5244.569824,5244.569824,3013860000
2016/9/19,5263.549805,5281.069824,5222.910156,5235.029785,5235.029785,1791120000
2016/9/20,5256.189941,5265.180176,5235.419922,5241.350098,5241.350098,1695190000
2016/9/21,5263.649902,5299.399902,5233.939941,5295.180176,5295.180176,1999690000
2016/9/22,5323.259766,5342.879883,5320.930176,5339.52002,5339.52002,1882100000
2016/9/23,5327.430176,5329.709961,5301.629883,5305.75,5305.75,1761330000
2016/9/26,5275.72998,5282.27002,5254.959961,5257.490234,5257.490234,1669520000
2016/9/27,5254.180176,5306.810059,5251.319824,5305.709961,5305.709961,1751060000
2016/9/28,5312.72998,5320.620117,5284.839844,5318.549805,5318.549805,1785470000
2016/9/29,5311.310059,5317,5254.52002,5269.149902,5269.149902,1941170000
2016/9/30,5288.870117,5325.879883,5277.879883,5312,5312,2059800000
2016/10/3,5300.290039,5308.600098,5281.950195,5300.870117,5300.870117,1604060000
2016/10/4,5313.490234,5323.600098,5271.700195,5289.660156,5289.660156,1708990000
2016/10/5,5305.279785,5330.810059,5304.060059,5316.02002,5316.02002,1753340000
2016/10/6,5306.589844,5315.72998,5281.470215,5306.850098,5306.850098,1654020000
2016/10/7,5314.919922,5315.649902,5266.799805,5292.399902,5292.399902,1646650000
2016/10/10,5318.459961,5340.52002,5317.72998,5328.669922,5328.669922,1364150000
2016/10/11,5321.819824,5321.819824,5227.430176,5246.790039,5246.790039,1821680000
2016/10/12,5247.910156,5257.180176,5228.77002,5239.02002,5239.02002,1565940000
2016/10/13,5200.299805,5228.259766,5169.759766,5213.330078,5213.330078,1735310000
2016/10/14,5241.259766,5258.879883,5213.370117,5214.160156,5214.160156,1594480000
2016/10/17,5213.689941,5219.97998,5196.029785,5199.819824,5199.819824,1424270000
2016/10/18,5255.319824,5264.27002,5239.439941,5243.839844,5243.839844,1474430000
2016/10/19,5240.330078,5253.830078,5234.25,5246.410156,5246.410156,1546960000
2016/10/20,5238.200195,5252.100098,5216.049805,5241.830078,5241.830078,1741820000
2016/10/21,5238.649902,5259.129883,5225.759766,5257.399902,5257.399902,1649470000
2016/10/24,5290.310059,5311.5,5289.22998,5309.830078,5309.830078,1531970000
2016/10/25,5306.470215,5310.27002,5278.569824,5283.399902,5283.399902,1579490000
2016/10/26,5256.399902,5280.850098,5237.049805,5250.27002,5250.27002,1725900000
2016/10/27,5272.189941,5274.120117,5211.75,5215.970215,5215.970215,1918690000
2016/10/28,5203.700195,5232.350098,5178.759766,5190.100098,5190.100098,1895970000
2016/10/31,5205.089844,5206.709961,5186.560059,5189.140137,5189.140137,1707260000
2016/11/1,5199.77002,5201.129883,5112.319824,5153.580078,5153.580078,1878650000
2016/11/2,5147.279785,5156.700195,5097.560059,5105.569824,5105.569824,2105870000
2016/11/3,5104.700195,5115.060059,5053.52002,5058.410156,5058.410156,2107720000
2016/11/4,5034.410156,5087.509766,5034.410156,5046.370117,5046.370117,2015130000
2016/11/7,5128.990234,5169.410156,5122.77002,5166.169922,5166.169922,1914310000
2016/11/8,5154.990234,5214.169922,5145.299805,5193.490234,5193.490234,1736100000
2016/11/9,5143.859863,5258.990234,5143.859863,5251.069824,5251.069824,2824560000
2016/11/10,5283.47998,5302.680176,5145.319824,5208.799805,5208.799805,2984360000
2016/11/11,5191.819824,5241.080078,5179.640137,5237.109863,5237.109863,2285050000
2016/11/14,5246.330078,5247.169922,5192.049805,5218.399902,5218.399902,2369190000
2016/11/15,5241.350098,5287.060059,5236.25,5275.620117,5275.620117,2156500000
2016/11/16,5253.740234,5299.629883,5251.879883,5294.580078,5294.580078,2057140000
2016/11/17,5295.069824,5334.049805,5288.160156,5333.970215,5333.970215,2081760000
2016/11/18,5340.970215,5346.799805,5315.529785,5321.509766,5321.509766,1858610000
2016/11/21,5336.779785,5369.830078,5334.160156,5368.859863,5368.859863,1745320000
2016/11/22,5384.75,5392.259766,5365.600098,5386.350098,5386.350098,1886800000
2016/11/23,5366.549805,5380.680176,5350.680176,5380.680176,5380.680176,1616740000
2016/11/25,5388.490234,5398.919922,5379.279785,5398.919922,5398.919922,768070000
2016/11/28,5387.919922,5396.27002,5364.910156,5368.810059,5368.810059,1625620000
2016/11/29,5370.97998,5403.859863,5360.560059,5379.919922,5379.919922,1788790000
2016/11/30,5391.350098,5393.149902,5323.680176,5323.680176,5323.680176,2064430000
2016/12/1,5323.879883,5326.339844,5238.209961,5251.109863,5251.109863,2264960000
2016/12/2,5249.02002,5274.540039,5239.27002,5255.649902,5255.649902,1848930000
2016/12/5,5283.580078,5321.089844,5269.569824,5308.890137,5308.890137,1798160000
2016/12/6,5317.740234,5333.990234,5299.939941,5333,5333,1974850000
2016/12/7,5322.669922,5397.930176,5307.310059,5393.759766,5393.759766,2122590000
2016/12/8,5394.149902,5425.52002,5389.100098,5417.359863,5417.359863,2231070000
2016/12/9,5436.109863,5450.160156,5427.120117,5444.5,5444.5,2038700000
2016/12/12,5428.220215,5434.899902,5394.419922,5412.540039,5412.540039,1927560000
2016/12/13,5433.569824,5486.75,5430.720215,5463.830078,5463.830078,2085710000
2016/12/14,5465.689941,5476.25,5425.72998,5436.669922,5436.669922,1974150000
2016/12/15,5443.509766,5485.120117,5439.390137,5456.850098,5456.850098,2095910000
2016/12/16,5467.819824,5474.580078,5426.009766,5437.160156,5437.160156,3257750000
2016/12/19,5441.200195,5483.419922,5436.540039,5457.439941,5457.439941,1685800000
2016/12/20,5473.529785,5489.470215,5471.709961,5483.939941,5483.939941,1678040000
2016/12/21,5482.629883,5486.259766,5465.310059,5471.430176,5471.430176,1493900000
2016/12/22,5472.009766,5472.009766,5432.77002,5447.419922,5447.419922,1582600000
2016/12/23,5441.759766,5462.689941,5441.759766,5462.689941,5462.689941,1144280000
2016/12/27,5470.759766,5512.370117,5469.609863,5487.439941,5487.439941,1216870000
2016/12/28,5497.439941,5498.910156,5434.700195,5438.560059,5438.560059,1322130000
2016/12/29,5437.509766,5450.629883,5415.180176,5432.089844,5432.089844,1264480000
2016/12/30,5440.169922,5441.899902,5371.890137,5383.120117,5383.120117,1550820000
2017/1/3,5425.620117,5452.569824,5397.990234,5429.080078,5429.080078,1886200000
2017/1/4,5440.910156,5482.350098,5440.240234,5477,5477,1883360000
2017/1/5,5474.390137,5495.850098,5464.359863,5487.939941,5487.939941,1792610000
2017/1/6,5499.080078,5536.52002,5482.810059,5521.060059,5521.060059,1710770000
2017/1/9,5527.580078,5541.080078,5517.140137,5531.819824,5531.819824,1885500000
2017/1/10,5536.540039,5564.25,5528.109863,5551.819824,5551.819824,1796500000
2017/1/11,5550.720215,5564.080078,5524.029785,5563.649902,5563.649902,1954720000
2017/1/12,5542.560059,5550.669922,5496.819824,5547.490234,5547.490234,1801750000
2017/1/13,5557.569824,5584.259766,5557.200195,5574.120117,5574.120117,1605110000
2017/1/17,5555.160156,5557.049805,5527.220215,5538.72998,5538.72998,1757030000
2017/1/18,5546.939941,5555.97998,5534.77002,5555.649902,5555.649902,1683320000
2017/1/19,5560.609863,5571.529785,5528.370117,5540.080078,5540.080078,1805710000
2017/1/20,5556.870117,5574.350098,5542.22998,5555.330078,5555.330078,1740320000
2017/1/23,5546.640137,5564.140137,5522.689941,5552.939941,5552.939941,1650290000
2017/1/24,5568.27002,5606.529785,5558.490234,5600.959961,5600.959961,1805370000
2017/1/25,5635.859863,5658.589844,5634.330078,5656.339844,5656.339844,1959950000
2017/1/26,5666.279785,5669.609863,5647.649902,5655.180176,5655.180176,1827490000
2017/1/27,5664.879883,5667.450195,5643.899902,5660.779785,5660.779785,1663400000
2017/1/30,5635.859863,5636.089844,5578.759766,5613.709961,5613.709961,1777090000
2017/1/31,5592.870117,5615.149902,5576.089844,5614.790039,5614.790039,2041480000
2017/2/1,5654.509766,5662.109863,5621.029785,5642.649902,5642.649902,2223560000
2017/2/2,5627.149902,5656.009766,5616.399902,5636.200195,5636.200195,2073980000
2017/2/3,5650.72998,5666.839844,5647.580078,5666.77002,5666.77002,1786860000
2017/2/6,5656.950195,5668.200195,5650.259766,5663.549805,5663.549805,1732280000
2017/2/7,5674.859863,5689.600098,5664.819824,5674.220215,5674.220215,1919100000
2017/2/8,5662.950195,5686.959961,5649.390137,5682.450195,5682.450195,1945060000
2017/2/9,5688.02002,5722.709961,5685.149902,5715.180176,5715.180176,1943840000
2017/2/10,5726.169922,5743.430176,5717.419922,5734.129883,5734.129883,1852010000
2017/2/13,5753.189941,5770.990234,5751.919922,5763.959961,5763.959961,1840010000
2017/2/14,5756.509766,5783.089844,5748.740234,5782.569824,5782.569824,1945160000
2017/2/15,5777.899902,5821.950195,5776.700195,5819.439941,5819.439941,2083660000
2017/2/16,5823.009766,5835.149902,5796.709961,5814.899902,5814.899902,1943600000
2017/2/17,5807.310059,5838.580078,5800.799805,5838.580078,5838.580078,1875580000
2017/2/21,5850.200195,5867.890137,5847.5,5865.950195,5865.950195,1935110000
2017/2/22,5857.560059,5864.419922,5848.279785,5860.629883,5860.629883,1872330000
2017/2/23,5866.819824,5866.959961,5809.549805,5835.509766,5835.509766,1879670000
2017/2/24,5802.330078,5845.310059,5800.549805,5845.310059,5845.310059,1683280000
2017/2/27,5835.040039,5861.899902,5827,5861.899902,5861.899902,1876090000
2017/2/28,5852.790039,5855.069824,5817.220215,5825.439941,5825.439941,2298380000
2017/3/1,5874.859863,5911.790039,5865.790039,5904.029785,5904.029785,2210360000
2017/3/2,5897.009766,5897.009766,5856.299805,5861.220215,5861.220215,2040770000
2017/3/3,5854.27002,5870.75,5841.470215,5870.75,5870.75,1852130000
2017/3/6,5846.419922,5857.740234,5827.459961,5849.180176,5849.180176,1767840000
2017/3/7,5836.120117,5859.77002,5826.319824,5833.930176,5833.930176,1822000000
2017/3/8,5838.439941,5860.629883,5832.629883,5837.549805,5837.549805,1810480000
2017/3/9,5834.669922,5852.540039,5812.080078,5838.810059,5838.810059,1883930000
2017/3/10,5867.160156,5872.600098,5835.439941,5861.72998,5861.72998,1982150000
2017/3/13,5863.47998,5877.430176,5860.830078,5875.779785,5875.779785,1799340000
2017/3/14,5860.069824,5860.5,5831.879883,5856.819824,5856.819824,1663170000
2017/3/15,5869.97998,5911.200195,5858.160156,5900.049805,5900.049805,1952690000
2017/3/16,5907.859863,5911.47998,5887.240234,5900.759766,5900.759766,1766980000
2017/3/17,5898.580078,5912.609863,5890.419922,5901,5901,3184130000
2017/3/20,5898.810059,5915.120117,5888.120117,5901.529785,5901.529785,1730550000
2017/3/21,5923.419922,5928.060059,5790.72998,5793.830078,5793.830078,2192090000
2017/3/22,5790.589844,5825.669922,5781.799805,5821.640137,5821.640137,1857680000
2017/3/23,5812.310059,5842.819824,5806.97998,5817.689941,5817.689941,1742640000
2017/3/24,5839.330078,5858.950195,5807.830078,5828.740234,5828.740234,1841920000
2017/3/27,5776.330078,5849.200195,5769.390137,5840.370117,5840.370117,1670760000
2017/3/28,5836.5,5888.700195,5828.859863,5875.140137,5875.140137,1820860000
2017/3/29,5875.350098,5900.870117,5870.930176,5897.549805,5897.549805,1718680000
2017/3/30,5896.149902,5916.77002,5894,5914.339844,5914.339844,1723770000
2017/3/31,5905.629883,5927.810059,5901.77002,5911.740234,5911.740234,1902800000
2017/4/3,5917.319824,5928.930176,5867.72998,5894.680176,5894.680176,1854200000
2017/4/4,5878.759766,5901.390137,5878.759766,5898.609863,5898.609863,1790840000
2017/4/5,5911.919922,5936.390137,5856.259766,5864.47998,5864.47998,2204490000
2017/4/6,5870.52002,5889.580078,5856.220215,5878.950195,5878.950195,1845800000
2017/4/7,5873.939941,5892.069824,5855.509766,5877.810059,5877.810059,1692150000
2017/4/10,5883.430176,5907.850098,5865.560059,5880.930176,5880.930176,1630070000
2017/4/11,5871.160156,5878.939941,5819.290039,5866.77002,5866.77002,1821650000
2017/4/12,5863.589844,5868.089844,5830.439941,5836.160156,5836.160156,1658960000
2017/4/13,5828.370117,5856.540039,5805.149902,5805.149902,5805.149902,1581870000
2017/4/17,5821.549805,5856.790039,5818.200195,5856.790039,5856.790039,1381290000
2017/4/18,5838.589844,5860.040039,5828.569824,5849.470215,5849.470215,1608870000
2017/4/19,5874.430176,5894.680176,5856.339844,5863.029785,5863.029785,1752620000
2017/4/20,5887.870117,5926.22998,5880.200195,5916.779785,5916.779785,1749110000
2017/4/21,5919.02002,5919.22998,5899.430176,5910.52002,5910.52002,1723210000
2017/4/24,5979.959961,5989.919922,5970.25,5983.819824,5983.819824,1836570000
2017/4/25,6004.160156,6036.02002,6002.649902,6025.490234,6025.490234,1895430000
2017/4/26,6028.120117,6040.890137,6021.720215,6025.22998,6025.22998,1894210000
2017/4/27,6038.470215,6050.700195,6031.589844,6048.939941,6048.939941,1876700000
2017/4/28,6072.870117,6074.040039,6040.709961,6047.609863,6047.609863,1995160000
2017/5/1,6067.560059,6100.72998,6061.350098,6091.600098,6091.600098,1757000000
2017/5/2,6102.509766,6102.720215,6081.560059,6095.370117,6095.370117,2146730000
2017/5/3,6075.040039,6076.959961,6053.279785,6072.549805,6072.549805,2149360000
2017/5/4,6075.060059,6080.819824,6054.330078,6075.339844,6075.339844,2056270000
2017/5/5,6091.689941,6100.759766,6067.160156,6100.759766,6100.759766,1899570000
2017/5/8,6100.660156,6106.120117,6083.060059,6102.660156,6102.660156,1909710000
2017/5/9,6111.819824,6133,6107.589844,6120.589844,6120.589844,1997490000
2017/5/10,6121.640137,6131.640137,6103.870117,6129.140137,6129.140137,2108000000
2017/5/11,6110.049805,6120.200195,6075.680176,6115.959961,6115.959961,1950910000
2017/5/12,6119.27002,6122.839844,6105.419922,6121.22998,6121.22998,1740960000
2017/5/15,6128.109863,6153.040039,6124.790039,6149.669922,6149.669922,1850790000
2017/5/16,6160.52002,6170.160156,6139.100098,6169.870117,6169.870117,1999330000
2017/5/17,6108.620117,6122.870117,6009.47998,6011.240234,6011.240234,2347480000
2017/5/18,5998.459961,6073.450195,5996.810059,6055.129883,6055.129883,2131520000
2017/5/19,6070.22998,6106.549805,6070.22998,6083.700195,6083.700195,1905520000
2017/5/22,6098.25,6135.919922,6097.240234,6133.620117,6133.620117,1726230000
2017/5/23,6149.549805,6150.910156,6121.790039,6138.709961,6138.709961,1705860000
2017/5/24,6154.180176,6166.089844,6139.330078,6163.02002,6163.02002,1666050000
2017/5/25,6183.02002,6217.339844,6174.52002,6205.259766,6205.259766,1767690000
2017/5/26,6207.040039,6211.52002,6196.660156,6210.189941,6210.189941,1571040000
2017/5/30,6204.180176,6217.129883,6200.410156,6203.189941,6203.189941,1688480000
2017/5/31,6221.629883,6221.990234,6164.069824,6198.52002,6198.52002,2209400000
2017/6/1,6215.910156,6247.069824,6200.450195,6246.830078,6246.830078,1943610000
2017/6/2,6261.589844,6308.759766,6253.77002,6305.799805,6305.799805,1820000000
2017/6/5,6305.470215,6310.620117,6292.149902,6295.680176,6295.680176,1739820000
2017/6/6,6281.879883,6304.209961,6269.870117,6275.060059,6275.060059,1889690000
2017/6/7,6290.439941,6302.779785,6267.180176,6297.379883,6297.379883,1822270000
2017/6/8,6311.72998,6324.060059,6282.930176,6321.759766,6321.759766,2128780000
2017/6/9,6330.25,6341.700195,6137.680176,6207.919922,6207.919922,3152050000
2017/6/12,6153.560059,6183.810059,6110.669922,6175.459961,6175.459961,2586540000
2017/6/13,6206.120117,6226.410156,6180.040039,6220.370117,6220.370117,2062110000
2017/6/14,6237.459961,6237.529785,6153.549805,6194.890137,6194.890137,1940440000
2017/6/15,6127.049805,6170.149902,6107.850098,6165.5,6165.5,1858130000
2017/6/16,6154.279785,6161.560059,6125.5,6151.759766,6151.759766,3120640000
2017/6/19,6196.850098,6243.310059,6194,6239.009766,6239.009766,1976970000
2017/6/20,6229.620117,6234.009766,6186.939941,6188.029785,6188.029785,2570130000
2017/6/21,6202.75,6236.660156,6200.859863,6233.950195,6233.950195,2401440000
2017/6/22,6239.149902,6257.680176,6221.959961,6236.689941,6236.689941,2170250000
2017/6/23,6234.350098,6269.370117,6218.779785,6265.25,6265.25,4158700000
2017/6/26,6292.72998,6303.450195,6233.430176,6247.149902,6247.149902,2150630000
2017/6/27,6227.899902,6234.319824,6146.620117,6146.620117,6146.620117,2181830000
2017/6/28,6173.100098,6238.290039,6144.799805,6234.410156,6234.410156,2069400000
2017/6/29,6215.490234,6216.600098,6087.810059,6144.350098,6144.350098,2402250000
2017/6/30,6166.839844,6170.629883,6129.040039,6140.419922,6140.419922,1998330000
2017/7/3,6173.290039,6177.359863,6106.120117,6110.060059,6110.060059,1099560000
2017/7/5,6122.060059,6163.620117,6100.419922,6150.859863,6150.859863,1872130000
2017/7/6,6109.600098,6127.97998,6081.959961,6089.459961,6089.459961,1990590000
2017/7/7,6111.209961,6164.939941,6111.209961,6153.080078,6153.080078,1700630000
2017/7/10,6156.029785,6191.27002,6141.830078,6176.390137,6176.390137,1675470000
2017/7/11,6171.25,6200.580078,6149.870117,6193.299805,6193.299805,1808110000
2017/7/12,6238.899902,6265.640137,6236.819824,6261.169922,6261.169922,1820550000
2017/7/13,6269.100098,6281.450195,6251.259766,6274.439941,6274.439941,1803810000
2017/7/14,6289.080078,6321.759766,6278.700195,6312.470215,6312.470215,1608120000
2017/7/17,6320.350098,6330.970215,6307.339844,6314.430176,6314.430176,1558030000
2017/7/18,6304.819824,6344.549805,6291.069824,6344.310059,6344.310059,1762400000
2017/7/19,6363.240234,6387.72998,6362.189941,6385.040039,6385.040039,1862910000
2017/7/20,6396.459961,6398.259766,6365.680176,6390,6390,1818880000
2017/7/21,6383.049805,6388.779785,6365.120117,6387.75,6387.75,1797100000
2017/7/24,6387.819824,6417.700195,6380.609863,6410.810059,6410.810059,1735520000
2017/7/25,6407.589844,6425.450195,6396.870117,6412.169922,6412.169922,1925230000
2017/7/26,6425.930176,6432.379883,6416.299805,6422.75,6422.75,1988040000
2017/7/27,6459.759766,6460.839844,6318.620117,6382.189941,6382.189941,2483560000
2017/7/28,6350.27002,6379.700195,6337.220215,6374.680176,6374.680176,1860770000
2017/7/31,6394.689941,6396.589844,6338.790039,6348.120117,6348.120117,1891710000
2017/8/1,6372.160156,6375.75,6345.75,6362.939941,6362.939941,1812590000
2017/8/2,6393.100098,6394.209961,6313.430176,6362.649902,6362.649902,2104130000
2017/8/3,6366.240234,6368.529785,6331.140137,6340.339844,6340.339844,2113440000
2017/8/4,6350.790039,6361.490234,6329.72998,6351.560059,6351.560059,1907170000
2017/8/7,6361.060059,6386.029785,6356.22998,6383.77002,6383.77002,1701550000
2017/8/8,6373.330078,6423.350098,6355.879883,6370.459961,6370.459961,1914670000
2017/8/9,6322.919922,6355.040039,6309.439941,6352.330078,6352.330078,2033760000
2017/8/10,6312.649902,6318.279785,6214.410156,6216.870117,6216.870117,2204700000
2017/8/11,6222.180176,6266.890137,6216.189941,6256.560059,6256.560059,1794850000
2017/8/14,6306.109863,6346.830078,6305.549805,6340.22998,6340.22998,1698560000
2017/8/15,6350.509766,6350.740234,6324.75,6333.009766,6333.009766,1580060000
2017/8/16,6348.109863,6374.560059,6330.27002,6345.109863,6345.109863,1804730000
2017/8/17,6322.720215,6334.22998,6221.910156,6221.910156,6221.910156,2041220000
2017/8/18,6222.459961,6254.220215,6193.379883,6216.529785,6216.529785,1964590000
2017/8/21,6216.319824,6226.930176,6177.189941,6213.129883,6213.129883,1576070000
2017/8/22,6241.209961,6302.839844,6241.209961,6297.47998,6297.47998,1597700000
2017/8/23,6263.470215,6291.299805,6263.290039,6278.410156,6278.410156,1533220000
2017/8/24,6294.819824,6302.850098,6244.569824,6271.330078,6271.330078,1616780000
2017/8/25,6293.810059,6308.720215,6257.100098,6265.640137,6265.640137,1442900000
2017/8/28,6286.009766,6292.259766,6267.850098,6283.02002,6283.02002,1558690000
2017/8/29,6228.899902,6311.259766,6228.72998,6301.890137,6301.890137,1637640000
2017/8/30,6308.680176,6374.470215,6303.569824,6368.310059,6368.310059,1712070000
2017/8/31,6385.799805,6435.27002,6383.580078,6428.660156,6428.660156,1885710000
2017/9/1,6442.169922,6449.649902,6417.870117,6435.330078,6435.330078,1488040000
2017/9/5,6414.819824,6426.509766,6334.589844,6375.569824,6375.569824,1886950000
2017/9/6,6394.350098,6407.399902,6356.200195,6393.310059,6393.310059,1906030000
2017/9/7,6402.939941,6413.069824,6379.810059,6397.870117,6397.870117,1998380000
2017/9/8,6389.649902,6391.410156,6354.959961,6360.189941,6360.189941,1785560000
2017/9/11,6411.180176,6439.109863,6410.709961,6432.259766,6432.259766,1819300000
2017/9/12,6448.810059,6455.029785,6429.540039,6454.279785,6454.279785,1745090000
2017/9/13,6440.720215,6460.419922,6433.200195,6460.189941,6460.189941,1942090000
2017/9/14,6439.459961,6455.319824,6424.040039,6429.080078,6429.080078,1809170000
2017/9/15,6426.160156,6464.27002,6419.649902,6448.470215,6448.470215,2821110000
2017/9/18,6460.100098,6477.77002,6438.410156,6454.640137,6454.640137,1874440000
2017/9/19,6465.569824,6467.790039,6446.75,6461.319824,6461.319824,1809710000
2017/9/20,6459.740234,6466.049805,6414.22998,6456.040039,6456.040039,2052520000
2017/9/21,6448.569824,6448.569824,6405.299805,6422.689941,6422.689941,1772790000
2017/9/22,6401.439941,6429.540039,6400.810059,6426.919922,6426.919922,1639100000
2017/9/25,6403.109863,6408.049805,6343.959961,6370.589844,6370.589844,2050410000
2017/9/26,6391.850098,6405,6364.569824,6380.160156,6380.160156,1926420000
2017/9/27,6414.370117,6472.649902,6405.359863,6453.259766,6453.259766,2053720000
2017/9/28,6437.959961,6456.22998,6427.660156,6453.450195,6453.450195,1828570000
2017/9/29,6461.279785,6497.97998,6454.859863,6495.959961,6495.959961,1967720000
2017/10/2,6506.080078,6527.220215,6484.140137,6516.720215,6516.720215,1977030000
2017/10/3,6523.740234,6532.180176,6509.709961,6531.709961,6531.709961,1969320000
2017/10/4,6521.959961,6546.459961,6513.120117,6534.629883,6534.629883,1938440000
2017/10/5,6552.870117,6587.209961,6547.649902,6585.359863,6585.359863,1875670000
2017/10/6,6566.950195,6590.180176,6566.839844,6590.180176,6590.180176,1742470000
2017/10/9,6597.370117,6599.339844,6572.439941,6579.72998,6579.72998,1490620000
2017/10/10,6602.490234,6608.299805,6561.779785,6587.25,6587.25,1799400000
2017/10/11,6586.72998,6604.209961,6577.990234,6603.549805,6603.549805,1830360000
2017/10/12,6594.759766,6613.5,6586.319824,6591.509766,6591.509766,2000470000
2017/10/13,6613.209961,6616.580078,6602.200195,6605.799805,6605.799805,1756150000
2017/10/16,6622.549805,6632.5,6607.029785,6624,6624,1629480000
2017/10/17,6621.419922,6628.600098,6613.209961,6623.660156,6623.660156,1647240000
2017/10/18,6634.259766,6635.52002,6613.549805,6624.220215,6624.220215,1734030000
2017/10/19,6583.700195,6605.290039,6558.529785,6605.069824,6605.069824,1823860000
2017/10/20,6633.370117,6640.029785,6622.919922,6629.049805,6629.049805,1794810000
2017/10/23,6641.569824,6641.569824,6581.149902,6586.830078,6586.830078,1809320000
2017/10/24,6598.609863,6611.899902,6582.060059,6598.430176,6598.430176,1842640000
2017/10/25,6587.220215,6600.640137,6517.930176,6563.890137,6563.890137,2190720000
2017/10/26,6567.589844,6582.759766,6550.029785,6556.77002,6556.77002,2108210000
2017/10/27,6635.029785,6708.129883,6625.779785,6701.259766,6701.259766,2403600000
2017/10/30,6693.77002,6727.390137,6677.149902,6698.959961,6698.959961,2013640000
2017/10/31,6713.709961,6737.75,6705.790039,6727.669922,6727.669922,2043890000
2017/11/1,6758.640137,6759.660156,6691.47998,6716.529785,6716.529785,2056860000
2017/11/2,6709.390137,6719.970215,6677.549805,6714.939941,6714.939941,2262940000
2017/11/3,6737.089844,6765.140137,6712.930176,6764.439941,6764.439941,2195010000
2017/11/6,6763.299805,6790.669922,6763.169922,6786.439941,6786.439941,2166470000
2017/11/7,6785.439941,6795.52002,6750.350098,6767.779785,6767.779785,2205270000
2017/11/8,6764.850098,6791.649902,6753.339844,6789.120117,6789.120117,2110990000
2017/11/9,6737.450195,6758.930176,6687.279785,6750.049805,6750.049805,2235180000
2017/11/10,6736.390137,6757.339844,6727.350098,6750.939941,6750.939941,1973970000
2017/11/13,6727.390137,6766.299805,6723.430176,6757.600098,6757.600098,1973790000
2017/11/14,6733.870117,6743.629883,6709.27002,6737.870117,6737.870117,1983830000
2017/11/15,6700.680176,6725.319824,6667.310059,6706.209961,6706.209961,1908660000
2017/11/16,6742.339844,6806.669922,6742.339844,6793.290039,6793.290039,2002920000
2017/11/17,6794.450195,6797.75,6777.430176,6782.790039,6782.790039,1988090000
2017/11/20,6789.279785,6795.830078,6779.490234,6790.709961,6790.709961,1800880000
2017/11/21,6820.549805,6862.660156,6820.02002,6862.47998,6862.47998,1883550000
2017/11/22,6869.529785,6874.52002,6859.279785,6867.359863,6867.359863,1588200000
2017/11/24,6878.109863,6890.02002,6873.740234,6889.160156,6889.160156,848520000
2017/11/27,6889.910156,6897.430176,6867.890137,6878.52002,6878.52002,1773400000
2017/11/28,6893.720215,6914.189941,6866.209961,6912.359863,6912.359863,2000410000
2017/11/29,6907.279785,6908.330078,6793.950195,6824.390137,6824.390137,2452860000
2017/11/30,6852.799805,6888.649902,6838.47998,6873.970215,6873.970215,2458580000
2017/12/1,6844.040039,6872.169922,6737.160156,6847.589844,6847.589844,2293570000
2017/12/4,6897.129883,6899.22998,6770.689941,6775.370117,6775.370117,2426570000
2017/12/5,6759.140137,6836.450195,6752.319824,6762.209961,6762.209961,2083540000
2017/12/6,6742.069824,6787.419922,6734.129883,6776.379883,6776.379883,1891850000
2017/12/7,6785.740234,6829.290039,6778.200195,6812.839844,6812.839844,1934120000
2017/12/8,6859.950195,6870.47998,6831.609863,6840.080078,6840.080078,1806040000
2017/12/11,6847.640137,6879.799805,6844.879883,6875.080078,6875.080078,1818970000
2017/12/12,6872.709961,6884.799805,6856.299805,6862.319824,6862.319824,1861560000
2017/12/13,6880.410156,6897.620117,6871.870117,6875.799805,6875.799805,1919560000
2017/12/14,6887.379883,6901.129883,6851.629883,6856.529785,6856.529785,1985200000
2017/12/15,6871.549805,6945.819824,6871.450195,6936.580078,6936.580078,3510420000
2017/12/18,6980.399902,7003.890137,6975.540039,6994.759766,6994.759766,2144360000
2017/12/19,6991.25,6995.879883,6951.490234,6963.850098,6963.850098,2071060000
2017/12/20,6991.25,6991.25,6935.419922,6960.959961,6960.959961,1874550000
2017/12/21,6972.879883,6992.629883,6961.209961,6965.359863,6965.359863,1815620000
2017/12/22,6958.02002,6962.259766,6944.450195,6959.959961,6959.959961,1539250000
2017/12/26,6928.919922,6942.140137,6915.560059,6936.25,6936.25,1304340000
2017/12/27,6941.450195,6955.379883,6931.339844,6939.339844,6939.339844,1409540000
2017/12/28,6953.379883,6954.799805,6936.75,6950.160156,6950.160156,1311320000
2017/12/29,6952.609863,6954.97998,6903.390137,6903.390137,6903.390137,1571730000
2018/1/2,6937.649902,7006.910156,6924.080078,7006.899902,7006.899902,1914930000
2018/1/3,7017.069824,7069.149902,7016.700195,7065.529785,7065.529785,2166780000
2018/1/4,7089.5,7098.049805,7072.379883,7077.910156,7077.910156,2098890000
2018/1/5,7105.740234,7137.040039,7097.080078,7136.560059,7136.560059,2020900000
2018/1/8,7135.379883,7161.350098,7124.089844,7157.390137,7157.390137,2051430000
2018/1/9,7174.189941,7181.140137,7148.299805,7163.580078,7163.580078,0
2018/1/10,7129.830078,7154.240234,7111.52002,7153.569824,7153.569824,2122740000
2018/1/11,7168.72998,7211.779785,7163.22998,7211.779785,7211.779785,2009740000
2018/1/12,7208.169922,7265.259766,7205.180176,7261.060059,7261.060059,1976200000
2018/1/16,7307.189941,7330.330078,7205.930176,7223.689941,7223.689941,2377140000
2018/1/17,7257.77002,7309.359863,7229.319824,7298.279785,7298.279785,2238070000
2018/1/18,7293.649902,7313.890137,7276.109863,7296.049805,7296.049805,2026220000
2018/1/19,7312,7336.379883,7297.279785,7336.379883,7336.379883,1997270000
2018/1/22,7338.040039,7408.029785,7332.810059,7408.029785,7408.029785,2106070000
2018/1/23,7424.950195,7465.390137,7423.180176,7460.290039,7460.290039,2119840000
2018/1/24,7474.160156,7486.319824,7376.75,7415.060059,7415.060059,2277010000
2018/1/25,7457.950195,7458.529785,7388.580078,7411.160156,7411.160156,2061450000
2018/1/26,7448.330078,7505.77002,7431.220215,7505.77002,7505.77002,2059010000
2018/1/29,7484.470215,7500.609863,7455.549805,7466.509766,7466.509766,2103380000
2018/1/30,7388.890137,7433.649902,7373.990234,7402.47998,7402.47998,2163980000
2018/1/31,7443.25,7453.990234,7381.120117,7411.47998,7411.47998,2407540000
2018/2/1,7377.169922,7441.089844,7362.279785,7385.859863,7385.859863,2291680000
2018/2/2,7347.589844,7364.430176,7238.180176,7240.950195,7240.950195,2587770000
2018/2/5,7165.959961,7277.359863,6967.529785,6967.529785,6967.529785,3106870000
2018/2/6,6837.560059,7126.549805,6824.819824,7115.879883,7115.879883,3131030000
2018/2/7,7086.200195,7170.339844,7051.529785,7051.97998,7051.97998,2366970000
2018/2/8,7067.299805,7073.990234,6776.77002,6777.160156,6777.160156,2707700000
2018/2/9,6863.339844,6917.009766,6630.669922,6874.490234,6874.490234,3155990000
2018/2/12,6936.680176,7023.620117,6879.689941,6981.959961,6981.959961,2240420000
2018/2/13,6942.160156,7025.680176,6938.160156,7013.509766,7013.509766,1816670000
2018/2/14,6979.240234,7152.049805,6977.069824,7143.620117,7143.620117,2211460000
2018/2/15,7200.75,7256.930176,7130.390137,7256.430176,7256.430176,2110700000
2018/2/16,7236.509766,7303.259766,7226.379883,7239.470215,7239.470215,2019830000
2018/2/20,7209.029785,7295.950195,7206,7234.310059,7234.310059,1911170000
2018/2/21,7258.47998,7338.640137,7218.109863,7218.22998,7218.22998,1946010000
2018/2/22,7252.459961,7280.930176,7194.839844,7210.089844,7210.089844,1911900000
2018/2/23,7261.350098,7337.830078,7232.5,7337.390137,7337.390137,1879460000
2018/2/26,7373.299805,7421.850098,7360.25,7421.459961,7421.459961,1866610000
2018/2/27,7416.169922,7438.089844,7330.350098,7330.350098,7330.350098,2155850000
2018/2/28,7371.410156,7386.799805,7273.009766,7273.009766,7273.009766,2373880000
2018/3/1,7274.75,7307.850098,7117.660156,7180.560059,7180.560059,2489040000
2018/3/2,7099.540039,7267.189941,7084.830078,7257.870117,7257.870117,2287320000
2018/3/5,7222.890137,7350.069824,7205.310059,7330.709961,7330.709961,2066350000
2018/3/6,7366.609863,7378.029785,7319.680176,7372.009766,7372.009766,2112570000
2018/3/7,7311.740234,7403.790039,7311.740234,7396.649902,7396.649902,2192230000
2018/3/8,7422.77002,7435.009766,7391.5,7427.950195,7427.950195,2272110000
2018/3/9,7475.97998,7560.810059,7469.029785,7560.810059,7560.810059,2302930000
2018/3/12,7581.040039,7609.100098,7563.439941,7588.319824,7588.319824,2294440000
2018/3/13,7627.52002,7637.27002,7492.97998,7511.009766,7511.009766,2448830000
2018/3/14,7539.779785,7544.890137,7473.899902,7496.810059,7496.810059,2104450000
2018/3/15,7509.240234,7525.439941,7463.189941,7481.740234,7481.740234,1991570000
2018/3/16,7504.370117,7514.209961,7473.680176,7481.990234,7481.990234,3046990000
2018/3/19,7419.200195,7421.22998,7285.27002,7344.240234,7344.240234,2324430000
2018/3/20,7353.25,7380.740234,7331.240234,7364.299805,7364.299805,1967690000
2018/3/21,7347.5,7415.660156,7325.350098,7345.290039,7345.290039,1988390000
2018/3/22,7257.549805,7303.189941,7164.379883,7166.680176,7166.680176,2347160000
2018/3/23,7170.680176,7194.310059,6992.669922,6992.669922,6992.669922,2390410000
2018/3/26,7125.200195,7225.830078,7022.339844,7220.540039,7220.540039,2326060000
2018/3/27,7255.470215,7255.540039,6963.680176,7008.810059,7008.810059,2325990000
2018/3/28,6978.299805,7036.089844,6901.069824,6949.22998,6949.22998,2518670000
2018/3/29,6984.660156,7120.459961,6935.779785,7063.450195,7063.450195,2554500000
2018/4/2,7016.169922,7044.709961,6805.959961,6870.120117,6870.120117,2394730000
2018/4/3,6924.350098,6963.709961,6835.22998,6941.279785,6941.279785,2328510000
2018/4/4,6811.77002,7059.290039,6811.77002,7042.109863,7042.109863,2254070000
2018/4/5,7099.25,7112.379883,7036.620117,7076.549805,7076.549805,2124660000
2018/4/6,6999.569824,7066.640137,6877.759766,6915.109863,6915.109863,2350540000
2018/4/9,6971.450195,7074.950195,6944.959961,6950.339844,6950.339844,2080900000
2018/4/10,7060.990234,7117.97998,7014.879883,7094.299805,7094.299805,2238770000
2018/4/11,7055,7128.540039,7055,7069.029785,7069.029785,1852120000
2018/4/12,7112.02002,7166,7105.089844,7140.25,7140.25,2021110000
2018/4/13,7179.620117,7183.620117,7078.140137,7106.649902,7106.649902,1743640000
2018/4/16,7153.870117,7178.509766,7115.850098,7156.279785,7156.279785,1795950000
2018/4/17,7215.120117,7298.589844,7206.549805,7281.100098,7281.100098,1913230000
2018/4/18,7292.379883,7319.580078,7259.899902,7295.240234,7295.240234,1893220000
2018/4/19,7258.609863,7277.450195,7215.169922,7238.060059,7238.060059,1963950000
2018/4/20,7220.640137,7222.990234,7123.490234,7146.129883,7146.129883,1921790000
2018/4/23,7173.990234,7195.720215,7094.430176,7128.600098,7128.600098,1737370000
2018/4/24,7160.77002,7171.669922,6961.52002,7007.350098,7007.350098,2149250000
2018/4/25,7009.990234,7030.740234,6926.970215,7003.740234,7003.740234,2026690000
2018/4/26,7080.490234,7143.939941,7055.660156,7118.680176,7118.680176,2127140000
2018/4/27,7195.52002,7197.149902,7083.950195,7119.799805,7119.799805,2027530000
2018/4/30,7133.950195,7169.799805,7065.410156,7066.27002,7066.27002,1987020000
2018/5/1,7053.649902,7133.27002,7036.180176,7130.700195,7130.700195,1929110000
2018/5/2,7138.450195,7169.459961,7094.720215,7100.899902,7100.899902,2144200000
2018/5/3,7065.029785,7112.589844,6991.140137,7088.149902,7088.149902,2345740000
2018/5/4,7065.669922,7228.259766,7057.890137,7209.620117,7209.620117,2022230000
2018/5/7,7241.819824,7291.740234,7235.759766,7265.209961,7265.209961,1939980000
2018/5/8,7255.339844,7278.810059,7224.700195,7266.899902,7266.899902,2054830000
2018/5/9,7281.529785,7344.799805,7259.049805,7339.910156,7339.910156,2241480000
2018/5/10,7355.899902,7414.149902,7353.629883,7404.970215,7404.970215,2233460000
2018/5/11,7393.970215,7417.669922,7372.259766,7402.879883,7402.879883,2083030000
2018/5/14,7429.450195,7458.419922,7401.890137,7411.319824,7411.319824,2075670000
2018/5/15,7361.299805,7363.52002,7320.970215,7351.629883,7351.629883,2114040000
2018/5/16,7356.220215,7413.319824,7356.160156,7398.299805,7398.299805,2083660000
2018/5/17,7379.580078,7425.390137,7350.459961,7382.470215,7382.470215,1931700000
2018/5/18,7364.339844,7381.160156,7343.970215,7354.339844,7354.339844,1966710000
2018/5/21,7406.339844,7431.830078,7368.209961,7394.040039,7394.040039,1949100000
2018/5/22,7420.850098,7432.529785,7370.330078,7378.459961,7378.459961,1908280000
2018/5/23,7335.029785,7426.779785,7334.620117,7425.959961,7425.959961,1980450000
2018/5/24,7421.990234,7435.379883,7357.5,7424.430176,7424.430176,1992460000
2018/5/25,7422.200195,7452.850098,7415.580078,7433.850098,7433.850098,1757660000
2018/5/29,7398.509766,7435.129883,7354.290039,7396.589844,7396.589844,2087370000
2018/5/30,7428.410156,7473.810059,7423.669922,7462.450195,7462.450195,2049450000
2018/5/31,7455.580078,7492.419922,7431.410156,7442.120117,7442.120117,2514610000
2018/6/1,7487.660156,7557.379883,7487.22998,7554.330078,7554.330078,2208600000
2018/6/4,7570.080078,7607.169922,7561.200195,7606.459961,7606.459961,2142790000
2018/6/5,7621.359863,7644.47998,7602.379883,7637.859863,7637.859863,2058630000
2018/6/6,7652.799805,7691.649902,7622.310059,7689.240234,7689.240234,2191750000
2018/6/7,7697.410156,7697.410156,7597.660156,7635.069824,7635.069824,2328280000
2018/6/8,7607.740234,7653.580078,7595.140137,7645.509766,7645.509766,1941580000
2018/6/11,7647.240234,7677.290039,7642.870117,7659.930176,7659.930176,1942940000
2018/6/12,7673.870117,7708.25,7669.529785,7703.790039,7703.790039,2006760000
2018/6/13,7713.899902,7748.959961,7686.649902,7695.700195,7695.700195,2172770000
2018/6/14,7723.529785,7768.600098,7723.529785,7761.040039,7761.040039,2188230000
2018/6/15,7725.029785,7755.720215,7704.339844,7746.379883,7746.379883,3043790000
2018/6/18,7692.959961,7749.359863,7676.830078,7747.029785,7747.029785,2093950000
2018/6/19,7658.470215,7727.410156,7635.72998,7725.589844,7725.589844,2269000000
2018/6/20,7764.149902,7806.600098,7755.47998,7781.509766,7781.509766,2305100000
2018/6/21,7800.299805,7803.450195,7699.200195,7712.950195,7712.950195,2315880000
2018/6/22,7739.689941,7739.709961,7679.120117,7692.819824,7692.819824,3928340000
2018/6/25,7631.120117,7639.72998,7477.72998,7532.009766,7532.009766,2415090000
2018/6/26,7553.740234,7597.490234,7527,7561.629883,7561.629883,2058640000
2018/6/27,7586.330078,7610.669922,7444.169922,7445.080078,7445.080078,2306430000
2018/6/28,7438.109863,7526.069824,7419.560059,7503.680176,7503.680176,2195400000
2018/6/29,7544.129883,7573.589844,7502.950195,7510.299805,7510.299805,2192010000
2018/7/2,7451.899902,7568.100098,7443.100098,7567.689941,7567.689941,1767910000
2018/7/3,7593.629883,7594.330078,7498.5,7502.669922,7502.669922,1179310000
2018/7/5,7550.660156,7589.189941,7511.430176,7586.430176,7586.430176,1745030000
2018/7/6,7595.930176,7695.810059,7588.649902,7688.390137,7688.390137,1704580000
2018/7/9,7731.740234,7757.279785,7702.060059,7756.200195,7756.200195,1837330000
2018/7/10,7770.629883,7777.47998,7731.97998,7759.200195,7759.200195,1725210000
2018/7/11,7698.509766,7748.160156,7696.580078,7716.609863,7716.609863,1761420000
2018/7/12,7752.709961,7825.669922,7746.759766,7823.919922,7823.919922,1926110000
2018/7/13,7827.620117,7843.52002,7803.339844,7825.97998,7825.97998,1714140000
2018/7/16,7831.740234,7838.819824,7791.97998,7805.720215,7805.720215,1730190000
2018/7/17,7751.970215,7867.149902,7749.609863,7855.120117,7855.120117,1740680000
2018/7/18,7859.430176,7863.77002,7822.830078,7854.439941,7854.439941,1857670000
2018/7/19,7829.799805,7849.850098,7811.149902,7825.299805,7825.299805,1853030000
2018/7/20,7843.080078,7860.25,7815.859863,7820.200195,7820.200195,1786250000
2018/7/23,7806.930176,7846.759766,7776.549805,7841.870117,7841.870117,1654290000
2018/7/24,7914.350098,7928.790039,7814.330078,7840.77002,7840.77002,2014850000
2018/7/25,7839.089844,7933.310059,7838.759766,7932.240234,7932.240234,1899790000
2018/7/26,7848.040039,7881.299805,7834.080078,7852.180176,7852.180176,2263070000
2018/7/27,7889.75,7889.75,7698.959961,7737.419922,7737.419922,2176170000
2018/7/30,7735.27002,7740.259766,7604.240234,7630,7630,2143410000
2018/7/31,7654.589844,7709.490234,7614.839844,7671.790039,7671.790039,2195050000
2018/8/1,7701.819824,7732.680176,7670.709961,7707.290039,7707.290039,2223550000
2018/8/2,7659.52002,7808.850098,7659.52002,7802.689941,7802.689941,2081300000
2018/8/3,7819.22998,7824.060059,7783.299805,7812.009766,7812.009766,2018700000
2018/8/6,7809.540039,7859.680176,7801.879883,7859.680176,7859.680176,2238170000
2018/8/7,7878.620117,7898.200195,7868.649902,7883.660156,7883.660156,2197590000
2018/8/8,7880,7901.689941,7864.459961,7888.330078,7888.330078,2087850000
2018/8/9,7886.52002,7923.350098,7881.060059,7891.779785,7891.779785,2032950000
2018/8/10,7834.709961,7866.189941,7818.370117,7839.109863,7839.109863,2095180000
2018/8/13,7848,7888.660156,7814.27002,7819.709961,7819.709961,1914240000
2018/8/14,7847.879883,7878.22998,7815.5,7870.890137,7870.890137,1917360000
2018/8/15,7810.02002,7832.660156,7732.689941,7774.120117,7774.120117,2286960000
